division,formula,paper,params,status,t_stat,secs,n_trades,years,trades_per_year,win_rate,avg_ret_gross_bps,avg_ret_net_bps,avg_cost_bps,payoff_ratio,profit_factor,expectancy_bps,sharpe_ann,total_return,max_drawdown,avg_hold_bars,avg_hold_hours,tp_hits,sl_hits,time_exits,champion
D3_DOM,B07_slope_amplify,Naes-Skjeltorp 2006 JFM,{'k': 3},ok,1.792,2.1,307,0.71,433.6,0.5603,133.06,123.95,9.11,1.005,1.281,123.95,2.129,0.5531,-0.1245,513.6,128.4,92,69,146,False
D3_DOM,B13_qi_extreme,Gould-Bonart 2016,{'n': 96},ok,1.378,3.0,311,0.71,439.6,0.5498,103.62,94.56,9.06,0.993,1.212,94.56,1.638,0.3937,-0.1683,507.3,126.8,93,71,147,False
D3_DOM,B20_depth_asym_mom,Cont-Cucuringu-Zhang 2021,"{'k': 6, 'n': 96}",ok,1.288,2.9,309,0.71,436.7,0.5081,97.53,88.39,9.15,1.152,1.19,88.39,1.532,0.3583,-0.1278,505.4,126.3,91,76,142,False
D3_DOM,B05_micro_revert,Stoikov 2018; Lehalle-Mounjid 2017,{'k': 6},ok,1.204,3.2,307,0.71,434.1,0.5309,94.45,85.36,9.09,1.045,1.183,85.36,1.432,0.3372,-0.1989,508.8,127.2,92,76,139,False
D3_DOM,B09_imbvol_fade,Cont-Cucuringu-Zhang 2021 SSRN,{'k': 3},ok,0.952,2.2,313,0.71,442.0,0.5304,75.9,66.71,9.19,1.007,1.137,66.71,1.131,0.2504,-0.218,501.7,125.4,86,88,139,False
D3_DOM,B14_near_far,Kalay-Sade-Wohl 2004,{'k': 3},ok,0.488,1.7,266,0.7,379.4,0.5,45.51,36.32,9.18,1.077,1.077,36.32,0.583,0.0945,-0.1926,510.2,127.5,71,58,137,False
D3_DOM,B16_resiliency,Large 2007 JFM,{'k': 12},ok,0.437,2.0,302,0.71,427.0,0.5,38.59,29.55,9.03,1.064,1.064,29.55,0.52,0.0823,-0.2955,511.6,127.9,79,71,152,False
D3_DOM,B15_book_pressure,Cao-Hansch-Wang 2009 JFM,{'k': 3},ok,0.09,1.8,268,0.71,377.7,0.4813,16.14,6.89,9.25,1.092,1.013,6.89,0.107,-0.0095,-0.2278,508.2,127.0,74,67,127,False
D3_DOM,B01_qi_follow,Cartea-Jaimungal-Penalva 2015,{'k': 3},ok,-0.017,1.8,280,0.71,394.7,0.4857,8.01,-1.26,9.27,1.056,0.998,-1.26,-0.02,-0.0368,-0.3467,504.3,126.1,76,72,132,False
D3_DOM,B02_qi_fade,Gould-Bonart 2016 JFinEc,{'k': 1},ok,-0.156,2.4,286,0.71,403.3,0.493,-1.99,-11.08,9.09,1.005,0.978,-11.08,-0.185,-0.0694,-0.1436,523.3,130.8,62,74,150,False
D3_DOM,B03_qi_deep,Cont-Kukanov-Stoikov 2014 JFinEc,{'k': 3},ok,-0.168,1.4,239,0.71,337.2,0.5105,-4.08,-13.44,9.36,0.934,0.974,-13.44,-0.2,-0.0663,-0.2825,520.3,130.1,61,56,122,False
D3_DOM,B04_microprice,Stoikov 2018 QF,{'k': 1},ok,-0.199,2.4,284,0.71,400.5,0.5,-5.16,-14.27,9.11,0.971,0.971,-14.27,-0.237,-0.0796,-0.2627,527.9,132.0,74,62,148,False
D3_DOM,B19_micro_x_qi,Stoikov 2018 + Cont et al 2014,{'k': 3},ok,-0.218,2.0,296,0.71,419.1,0.4932,-6.25,-15.31,9.06,0.996,0.97,-15.31,-0.26,-0.0863,-0.289,496.5,124.1,77,75,144,False
D3_DOM,B11_depth_shock,Foucault-Kadan-Kandel 2005 RFS,"{'k': 6, 'n': 96}",ok,-0.647,1.5,265,0.71,373.6,0.4679,-37.45,-46.54,9.09,1.033,0.908,-46.54,-0.769,-0.1668,-0.236,515.0,128.8,62,69,134,False
D3_DOM,B06_book_slope,Kalay-Sade-Wohl 2004 JFE,{'k': 3},ok,-0.988,1.4,208,0.7,297.3,0.4712,-79.89,-88.33,8.45,0.955,0.851,-88.33,-1.181,-0.2265,-0.3661,482.7,120.7,55,65,88,False
D3_DOM,B08_withdraw_fade,Hasbrouck-Saar 2009 JFM,{'k': 3},ok,-1.429,2.5,316,0.71,446.5,0.462,-89.74,-98.89,9.15,0.959,0.824,-98.89,-1.699,-0.3483,-0.4468,501.8,125.5,78,95,143,False
D3_DOM,B12_qi_momentum,Cont-Kukanov-Stoikov 2014,{'k': 6},ok,-1.554,3.0,302,0.71,424.2,0.4636,-97.39,-106.57,9.17,0.93,0.804,-106.57,-1.842,-0.3534,-0.4145,516.7,129.2,75,82,145,False
D3_DOM,B17_imb_vol_level,Cont-Cucuringu-Zhang 2021,{'k': 12},ok,-2.484,1.4,195,0.7,278.2,0.4615,-216.32,-225.12,8.8,0.758,0.65,-225.12,-2.967,-0.4367,-0.503,514.7,128.7,42,64,89,False
D4_TAPE,O13_branching,Filimonov-Sornette 2012 PRE,{'n': 96},ok,1.055,1.2,181,1.97,91.8,0.5249,109.13,100.95,8.18,1.091,1.205,100.95,0.751,0.2275,-0.1087,514.5,128.6,50,44,87,False
D4_TAPE,O06_kyle_lambda,Kyle 1985 ECMA,{'n': 48},ok,0.546,1.2,52,0.97,53.6,0.5385,84.75,79.28,5.47,1.03,1.202,79.28,0.554,0.0483,-0.073,483.9,121.0,18,15,19,False
D4_TAPE,O18_realised_vol,Andersen-Bollerslev-Diebold-Labys 2003 ECMA,{'n': 96},ok,0.304,1.1,36,1.7,21.2,0.5833,61.66,53.87,7.79,0.805,1.127,53.87,0.234,0.0214,-0.0548,490.2,122.5,11,9,16,False
D4_TAPE,O08_sign_ac,Lillo-Farmer 2004 SNDE,{'n': 48},ok,1.082,2.8,1004,1.98,506.2,0.4831,48.94,40.5,8.44,1.16,1.084,40.5,0.768,0.4892,-0.4648,484.9,121.2,299,247,458,False
D4_TAPE,O01_ofi,Cont-Kukanov-Stoikov 2014 JFinEc,{'k': 3},ok,1.01,7.4,1112,1.98,560.6,0.5063,44.76,36.36,8.41,1.049,1.075,36.36,0.717,0.4633,-0.3044,489.2,122.3,312,304,496,False
D4_TAPE,O03_cum_delta,Easley-O'Hara 1987 JFE,{'k': 12},ok,0.066,4.3,1119,1.98,564.1,0.4897,10.79,2.35,8.44,1.047,1.005,2.35,0.047,-0.0863,-0.5574,477.9,119.5,332,315,472,False
D4_TAPE,O07_roll_spread,Roll 1984 JF,{'n': 48},ok,0.017,1.2,185,1.61,115.2,0.5946,11.59,1.81,9.78,0.684,1.003,1.81,0.014,-0.0244,-0.3809,524.0,131.0,48,45,92,False
D4_TAPE,O19_ofi_x_vol,Cont-Cucuringu-Zhang 2021 SSRN,"{'k': 3, 'n': 96}",ok,-0.053,7.6,1138,1.98,573.7,0.5132,6.5,-1.88,8.38,0.945,0.996,-1.88,-0.037,-0.1441,-0.4925,479.2,119.8,323,320,495,False
D4_TAPE,O05_vpin,Easley-Lopez de Prado-O'Hara 2012 RFS,{'n': 48},ok,-0.128,1.7,652,1.98,329.2,0.4724,2.23,-6.15,8.37,1.103,0.988,-6.15,-0.091,-0.1189,-0.3267,485.9,121.5,192,172,288,False
D4_TAPE,O14_propagator,Bouchaud-Gefen-Potters-Wyart 2004 QF,{'lags': 12},ok,-0.428,5.9,1115,1.98,562.1,0.5004,-6.72,-15.12,8.41,0.968,0.97,-15.12,-0.304,-0.2824,-0.5708,482.7,120.7,310,321,484,False
D4_TAPE,O04_aggr_imb,Lee-Ready 1991 JF,{'k': 3},ok,-0.424,7.4,1132,1.98,570.7,0.4797,-6.74,-15.16,8.43,1.053,0.971,-15.16,-0.301,-0.2901,-0.3958,479.2,119.8,312,333,487,False
D4_TAPE,O02_ofi_reversal,Bouchaud-Farmer-Lillo 2009,{'k': 1},ok,-0.556,10.7,1137,1.98,573.2,0.4855,-11.35,-19.75,8.4,1.019,0.962,-19.75,-0.395,-0.3351,-0.5928,480.0,120.0,319,324,494,False
D4_TAPE,O09_big_trade,Barclay-Warner 1993 JFE,{'k': 6},ok,-0.547,5.6,1138,1.98,573.7,0.4912,-11.36,-19.79,8.42,0.997,0.963,-19.79,-0.388,-0.3388,-0.5115,476.0,119.0,327,331,480,False
D4_TAPE,O16_vwap_revert,Madhavan-Smidt 1991 JFE,{'k': 6},ok,-0.872,5.7,1116,1.98,562.6,0.4892,-23.93,-32.41,8.48,0.982,0.94,-32.41,-0.619,-0.4439,-0.6453,482.8,120.7,306,327,483,False
D4_TAPE,O12_hawkes_proxy,Bacry-Muzy 2014 QF,{'halflife': 8},ok,-0.941,4.2,1125,1.98,567.2,0.4756,-25.07,-33.52,8.45,1.032,0.936,-33.52,-0.668,-0.4493,-0.539,472.1,118.0,320,331,474,False
D4_TAPE,O15_vwap_tilt,Berkowitz-Logue-Noser 1988 JF,{'k': 3},ok,-1.265,7.3,1132,1.98,570.7,0.4947,-37.71,-46.16,8.45,0.935,0.915,-46.16,-0.898,-0.5446,-0.6513,478.3,119.6,306,333,493,False
D4_TAPE,O11_intensity,Engle-Russell 1998 ECMA (ACD),"{'k': 12, 'n': 96}",ok,-1.371,2.6,1040,1.98,524.5,0.475,-41.81,-50.21,8.41,0.997,0.902,-50.21,-0.974,-0.5352,-0.6358,496.9,124.2,275,282,483,False
D4_TAPE,O10_big_trade_fade,Chan-Lakonishok 1995 JF,{'k': 3},ok,-1.596,7.4,1137,1.98,573.2,0.4952,-49.0,-57.48,8.48,0.911,0.893,-57.48,-1.133,-0.6128,-0.6826,477.6,119.4,314,336,487,False
D4_TAPE,O20_absorption,Weber-Rosenow 2005 QF,{'k': 6},ok,-1.672,8.3,1112,1.98,560.6,0.4784,-51.97,-60.39,8.41,0.966,0.886,-60.39,-1.187,-0.6194,-0.7552,489.1,122.3,295,335,482,False
D7_VOLUME,U10_vol_vol,Chordia-Subrahmanyam-Anshuman 2001 JFE,{'n': 720},ok,0.94,0.4,174,1.71,101.8,0.5402,124.46,107.87,16.59,1.014,1.192,107.87,0.719,0.2257,-0.3158,123.6,123.6,43,42,89,False
D7_VOLUME,U11_mfi,Money flow (Chaikin); Lee-Ready sign,{'n': 168},ok,0.463,1.0,887,1.73,512.3,0.5152,32.48,19.35,13.13,0.977,1.038,19.35,0.352,0.1133,-0.3951,127.2,127.2,209,230,448,False
D7_VOLUME,U13_illiq_shock,Acharya-Pedersen 2005 JFE,{'n': 336},ok,0.244,5.9,971,1.73,560.9,0.4882,22.3,9.77,12.52,1.069,1.019,9.77,0.185,0.0004,-0.6272,124.7,124.7,278,238,455,False
D7_VOLUME,U19_liquidity_beta,Pastor-Stambaugh 2003 JPE,{'n': 720},ok,0.059,0.7,578,1.71,338.1,0.5156,15.89,3.33,12.56,0.945,1.006,3.33,0.045,-0.0574,-0.2969,128.0,128.0,144,139,295,False
D7_VOLUME,U17_signed_vol_mom,Chordia-Roll-Subrahmanyam 2002 JFE,{'k': 72},ok,0.057,1.0,885,1.73,511.1,0.4893,17.41,2.24,15.17,1.049,1.005,2.24,0.044,-0.0659,-0.5748,124.3,124.3,234,217,434,False
D7_VOLUME,U09_vol_shock,Gervais-Kaniel-Mingelgrin 2001,{'n': 336},ok,-0.096,4.0,963,1.73,556.2,0.4901,9.86,-3.88,13.75,1.032,0.993,-3.88,-0.073,-0.1522,-0.5061,125.6,125.6,260,234,469,False
D7_VOLUME,U05_cgw_reversal,Campbell-Grossman-Wang 1993 QJE,"{'k': 24, 'n': 336}",ok,-0.164,2.0,941,1.73,543.5,0.5197,5.6,-7.09,12.7,0.913,0.987,-7.09,-0.125,-0.1911,-0.4445,126.3,126.3,224,264,453,False
D7_VOLUME,U06_taker_imb,Lee-Ready 1991 JF,{'n': 168},ok,-0.591,0.7,707,1.73,409.6,0.4682,-10.2,-26.11,15.91,1.076,0.947,-26.11,-0.45,-0.2643,-0.5747,128.7,128.7,171,173,363,False
D7_VOLUME,U14_vol_price_corr,Karpoff 1987 JFQA,{'n': 336},ok,-0.732,0.8,757,1.73,437.4,0.4954,-17.75,-31.59,13.83,0.955,0.938,-31.59,-0.556,-0.3178,-0.5037,125.5,125.5,201,200,356,False
D7_VOLUME,U12_vwap_dev,Berkowitz-Logue-Noser 1988 JF,{'n': 168},ok,-0.815,1.1,905,1.73,522.7,0.474,-23.82,-36.71,12.89,1.04,0.937,-36.71,-0.619,-0.4204,-0.5695,126.6,126.6,191,239,475,False
D7_VOLUME,U01_abnormal_vol,Gervais-Kaniel-Mingelgrin 2001 JF,"{'n': 168, 'm': 720}",ok,-0.942,0.9,483,1.71,282.5,0.4658,-42.88,-57.66,14.79,1.032,0.9,-57.66,-0.721,-0.3406,-0.3839,134.2,134.2,105,98,280,False
D7_VOLUME,U20_kyle_from_vol,Kyle 1985 ECMA,{'n': 336},ok,-0.55,0.6,101,1.72,58.7,0.4851,-49.37,-69.8,20.43,0.932,0.878,-69.8,-0.419,-0.096,-0.2249,127.2,127.2,25,26,50,False
D7_VOLUME,U15_dollar_vol,Brennan-Chordia-Subrahmanyam 1998 JFE,{'n': 720},ok,-0.598,0.3,93,1.68,55.2,0.5591,-59.77,-79.35,19.58,0.675,0.855,-79.35,-0.461,-0.0989,-0.166,121.2,121.2,24,29,40,False
D7_VOLUME,U04_vpt,Granville 1963 (OBV); Campbell-Grossman-Wang 1993,{'n': 168},ok,-2.089,1.0,913,1.73,527.3,0.4644,-72.51,-85.19,12.68,0.976,0.846,-85.19,-1.587,-0.6608,-0.6656,125.7,125.7,222,236,455,False
D7_VOLUME,U18_vol_breakout,Gervais-Kaniel-Mingelgrin 2001,"{'n': 168, 'm': 720}",ok,-2.105,1.4,863,1.69,510.5,0.4658,-75.12,-87.56,12.44,0.964,0.841,-87.56,-1.619,-0.6486,-0.7597,127.7,127.7,197,235,431,False
D7_VOLUME,U07_taker_imb_fade,Bouchaud-Farmer-Lillo 2009,{'n': 48},ok,-2.309,1.1,914,1.73,527.8,0.4737,-74.47,-89.62,15.15,0.921,0.829,-89.62,-1.755,-0.6747,-0.7336,126.0,126.0,219,247,448,False
D7_VOLUME,U03_vol_trend,Campbell-Grossman-Wang 1993 QJE,"{'fast': 48, 'slow': 336}",ok,-1.936,0.6,717,1.71,418.7,0.4644,-82.02,-96.29,14.27,0.969,0.84,-96.29,-1.48,-0.6182,-0.7158,127.1,127.1,169,192,356,False
D7_VOLUME,U02_turnover_rev,Lee-Swaminathan 2000 JF,{'n': 168},ok,-1.248,0.4,181,1.72,105.3,0.453,-92.79,-113.02,20.24,0.962,0.797,-113.02,-0.952,-0.2418,-0.3001,131.0,131.0,37,50,94,False
D7_VOLUME,U16_vol_regime,Ane-Geman 2000 JF,"{'n': 168, 'm': 1440}",ok,-1.156,1.2,229,1.65,138.8,0.4367,-100.55,-114.49,13.94,1.069,0.829,-114.49,-0.9,-0.3079,-0.3751,132.3,132.3,52,43,134,False
D7_VOLUME,U08_amihud,Amihud 2002 JFM,{'n': 720},ok,-0.995,0.3,47,1.69,27.8,0.4468,-165.93,-188.38,22.45,0.842,0.68,-188.38,-0.765,-0.1103,-0.1521,136.0,136.0,8,14,25,False
D8_REGIME,R14_dispersion,Stivers-Sun 2010 JFQA,{'n': 336},ok,2.454,0.9,835,1.69,493.2,0.5246,130.08,117.15,12.93,1.109,1.223,117.15,1.886,1.9983,-0.2853,126.9,126.9,231,182,422,True
D8_REGIME,R08_vol_term,Bollerslev-Tauchen-Zhou 2009 RFS,"{'s': 168, 'l': 1440}",ok,1.043,0.5,403,1.67,241.6,0.5112,81.7,67.75,13.95,1.086,1.136,67.75,0.808,0.3334,-0.2399,133.6,133.6,86,85,232,False
D8_REGIME,R15_corr_regime,Pollet-Wilson 2010 JFE,{'n': 336},ok,0.769,0.6,293,1.67,175.7,0.5051,81.73,65.82,15.91,1.099,1.122,65.82,0.595,0.2117,-0.2399,132.0,132.0,67,64,162,False
D8_REGIME,R01_trend_regime,Hamilton 1989 ECMA (2-state),{'n': 720},ok,0.35,0.6,174,1.66,105.1,0.431,46.75,35.09,11.66,1.417,1.073,35.09,0.272,0.0543,-0.2112,131.0,131.0,37,43,94,False
D8_REGIME,R11_btc_leadlag,Lo-MacKinlay 1990 RFS,"{'lag': 1, 'n': 336}",ok,0.362,4.0,441,1.73,255.2,0.4966,34.86,21.74,13.12,1.059,1.044,21.74,0.275,0.0673,-0.3993,132.9,132.9,99,99,243,False
D8_REGIME,R02_vol_regime_switch,Ang-Bekaert 2002 RFS,"{'n': 168, 'm': 1440}",ok,-0.099,1.1,859,1.73,496.1,0.5041,8.7,-4.6,13.3,0.976,0.992,-4.6,-0.075,-0.1598,-0.595,129.3,129.3,202,212,445,False
D8_REGIME,R04_cusum,Page 1954 Biometrika,"{'n': 336, 'k': 0.5}",ok,-0.3,0.8,789,1.72,458.2,0.4791,-0.72,-13.53,12.82,1.059,0.974,-13.53,-0.229,-0.2073,-0.442,128.9,128.9,194,186,409,False
D8_REGIME,R13_peer_momentum,Hou 2007 RFS,"{'k': 168, 'n': 504}",ok,-0.391,0.9,827,1.73,479.0,0.4728,-5.3,-18.18,12.88,1.079,0.968,-18.18,-0.297,-0.2618,-0.5228,130.8,130.8,196,175,456,False
D8_REGIME,R07_drawdown_state,Grossman-Zhou 1993 MF,{'n': 720},ok,-0.328,0.7,547,1.71,320.0,0.4845,-6.59,-19.91,13.32,1.028,0.966,-19.91,-0.251,-0.1993,-0.5076,128.8,128.8,139,124,284,False
D8_REGIME,R06_hurst_regime,Hurst 1951; Peters 1994,{'n': 480},ok,-0.539,68.3,817,1.72,474.1,0.4896,-12.13,-24.78,12.65,0.996,0.955,-24.78,-0.411,-0.3045,-0.4349,130.1,130.1,188,167,462,False
D8_REGIME,R05_range_regime,Alexander 1961; Lo-MacKinlay 1988,"{'n': 336, 'q': 8}",ok,-0.707,1.4,896,1.71,523.5,0.4877,-17.43,-29.99,12.56,0.992,0.945,-29.99,-0.54,-0.3617,-0.6221,126.7,126.7,212,238,446,False
D8_REGIME,R19_eigen_exposure,Avellaneda-Lee 2010,{'n': 504},ok,-0.224,0.6,79,1.69,46.7,0.519,-21.02,-35.27,14.25,0.868,0.936,-35.27,-0.172,-0.0457,-0.1765,143.5,143.5,15,16,48,False
D8_REGIME,R18_corr_to_btc,Pollet-Wilson 2010,{'n': 504},ok,-0.474,0.6,157,1.72,91.5,0.4777,-40.08,-55.06,14.98,0.993,0.908,-55.06,-0.362,-0.1253,-0.343,133.7,133.7,36,31,90,False
D8_REGIME,R12_pca_residual,Avellaneda-Lee 2010 QF,"{'n': 504, 'k': 3}",ok,-1.196,1.1,807,1.68,480.7,0.482,-43.97,-56.4,12.43,0.972,0.905,-56.4,-0.923,-0.4947,-0.5984,127.4,127.4,185,209,413,False
D8_REGIME,R16_idio_mom,Blitz-Huij-Martens 2011 JEF,"{'k': 336, 'n': 504}",ok,-1.315,1.1,846,1.68,502.5,0.4551,-44.47,-56.44,11.96,1.074,0.897,-56.44,-1.013,-0.5034,-0.5457,126.0,126.0,213,228,405,False
D8_REGIME,R20_lead_lag_net,Billio-Getmansky-Lo-Pelizzon 2012 JFE,{'n': 336},ok,-0.998,1.2,493,1.73,284.8,0.4909,-46.79,-63.08,16.29,0.925,0.892,-63.08,-0.759,-0.3717,-0.5862,133.3,133.3,102,108,283,False
D8_REGIME,R03_risk_on_off,Bekaert-Hoerova 2014 JoE,{'n': 336},ok,-0.889,0.7,264,1.68,157.4,0.4886,-58.85,-70.14,11.29,0.907,0.866,-70.14,-0.687,-0.2331,-0.2719,137.7,137.7,51,53,160,False
D8_REGIME,R09_rel_strength,Jegadeesh-Titman 1993 JF,{'k': 336},ok,-2.381,0.7,728,1.71,425.2,0.4354,-113.0,-126.33,13.33,1.048,0.809,-126.33,-1.82,-0.7183,-0.7363,125.5,125.5,186,184,358,False
D8_REGIME,R10_btc_beta,Sharpe 1964; Frazzini-Pedersen 2014 JFE,{'n': 720},ok,-1.271,0.5,127,1.68,75.7,0.4882,-157.77,-167.44,9.68,0.786,0.749,-167.44,-0.981,-0.2502,-0.3704,128.2,128.2,32,37,58,False
D8_REGIME,R17_beta_dispersion,Frazzini-Pedersen 2014 JFE,{'n': 720},ok,-1.218,0.6,97,1.66,58.6,0.5052,-168.71,-178.19,9.48,0.708,0.723,-178.19,-0.947,-0.2071,-0.2789,134.6,134.6,17,23,57,False
